cup_de;cup_en;track_de;track_en;game
Pilz;Mushroom;Mario Kart-Stadion;Mario Kart Stadium;Switch
Pilz;Mushroom;Wasserpark;Water Park;Switch
Pilz;Mushroom;Zuckersüßer Canyon;Sweet Sweet Canyon;Switch
Pilz;Mushroom;Steinblock-Ruinen;Thwomp Ruins;Switch
Blumen;Flower;Marios Piste;Mario Circuit(Switch);Switch
Blumen;Flower;Toads Hafenstadt;Toad Harbor;Switch
Blumen;Flower;Gruselwusel-Villa;Twisted Mansion;Switch
Blumen;Flower;Shy Guys Wasserfälle;Shy Guy Falls;Switch
Stern;Star;Sonnenflughafen;Sunshine Airport;Switch
Stern;Star;Delfinlagune;Dolphin Shoals;Switch
Stern;Star;Discodrom;Electrodrome;Switch
Stern;Star;Wario-Abfahrt;Mount Wario;Switch
Spezial;Special;Wolkenstraße;Cloudtop Cruise;Switch
Spezial;Special;Knochentrockene Dünen;Bone Dry Dunes;Switch
Spezial;Special;Bowsers Castle;Bowser's Castle;Switch
Spezial;Special;Regenbogen-Boulevard(8);Rainbow Road(8);Switch
Ei;Egg;Yoshis Piste;Yoshi Circuit;GCN
Ei;Egg;Excitebike-Stadion;Excitebike Arena;Switch
Ei;Egg;Große Drachenmauer;Dragon Driftway;Switch
Ei;Egg;Mute City;Mute City;Switch
Crossing;Crossing;Baby-Park;Baby Park;GCN
Crossing;Crossing;Käseland;Cheese Land;GBA
Crossing;Crossing;Wilder Wipfelweg;Wild Woods;Switch
Crossing;Crossing;Animal Crossing-Dorf;Animal Crossing;Switch
Panzer;Shell;Kuhmuh-Weide;Moo Moo Meadows;Wii
Panzer;Shell;Marios Piste;Mario Circuit;GBA
Panzer;Shell;Cheep-Cheep-Strand;Cheep Cheep Beach;DS
Panzer;Shell;Toads Autobahn;Toad's Turnpike;N64
Bananen;Banana;Staubtrockene Wüste;Dry Dry Desert;GCN
Bananen;Banana;Donut-Ebene 3;Donut Plains 3;SNES
Bananen;Banana;Königliche rennpiste;Royal Raceway;N64
Bananen;Banana;DK Dschungel;DK Jungle;3DS
Blatt;Leaf;Wario-Arena;Wario Stadium;DS
Blatt;Leaf;Sorbet-Land;Sherbet Land;GCN
Blatt;Leaf;Instrumentalpiste;Melody Motorway;3DS
Blatt;Leaf;Yoshi-Tal;Yoshi Valley;N64
Blitz;Lightning;Ticktack-Trauma;Tick-Tock Clock;DS
Blitz;Lightning;Röhrenraserei;Piranha Plant Pipeway;3DS
Blitz;Lightning;Vulkangrollen;Grumble Volcano;Wii
Blitz;Lightning;Regenbogen-Boulevard(N64);Rainbow Road(N64);N64
Triforce;Triforce;Warios Goldmine;Wario's Gold Mine;Wii
Triforce;Triforce;Regenbogen-Boulevard (SNES);Rainbow Road(SNES);SNES
Triforce;Triforce;Polarkreis-Parcours;Ice Ice Outpost;Switch
Triforce;Triforce;Hyrule-Piste;Hyrule Circuit;Switch
Glocken;Bell;Koopa-Großstadtfieber;Koopa City;3DS
Glocken;Bell;Party-Straße;Ribbon Road;GBA
Glocken;Bell;Marios Metro;Super Bell Subway;Switch
Glocken;Bell;Big Blue;Big Blue;Switch
Goldener Turbo;Golden Dash;Paris-Parcours;Paris Promenade;Tour
Goldener Turbo;Golden Dash;Toads-Piste;Toad Circuit;3DS
Goldener Turbo;Golden Dash;Schoko-Sumpf;Choco Mountain;N64
Goldener Turbo;Golden Dash;Kokos-Promenade;Coconut Mall;Wii
Glückskatzen;Lucky Cat;Tokyo-Tempotour;Tokyo Blur;Tour
Glückskatzen;Lucky Cat;Pilz-Pass;Shroom Ridge;DS
Glückskatzen;Lucky Cat;Wolkenpiste;Sky Garden;GBA
Glückskatzen;Lucky Cat;Ninja-Dojo;Ninja Hideaway;Switch
Rüben;Turnip;New-York-Speedway;New York Minute;Tour
Rüben;Turnip;Marios Piste 3;Mario Circuit 3;SNES
Rüben;Turnip;Kalimari-Wüste;Kalimari Desert;N64
Rüben;Turnip;Waluigi-Flipper;Waluigi Pinball;DS
Propeller;Propeller;Sydney-Spritztour;Sydney Sprint;Tour
Propeller;Propeller;Schneeland;Snow Land;GBA
Propeller;Propeller;Pilz-Schlucht;Mushroom Gorge;Wii
Propeller;Propeller;Eiscreme-Eskapade;Sky-High Sundae;Switch
Fels;Rock;London-Tour;London Loop;Tour
Fels;Rock;Buu-Huu-Tal;Boo Lake;GBA
Fels;Rock;Gebirgspfad;Alpine Pass;3DS
Fels;Rock;Blätterwald;Maple Treeway;Wii
Mond;Moon;Pflaster von berlin;Berlin Byways;Tour
Mond;Moon;Peachs Schlossgarten;Peach Gardens;DS
Mond;Moon;Bergbescherung;Merry Mountain;Switch
Mond;Moon;Regenbogen-Boulevard(3DS);Rainbow Road(3DS);3DS
Frucht;Fruit;Ausfahrt Amsterdam;Amsterdam Drift;Tour
Frucht;Fruit;Flussufer-Park;Riverside Park;GBA
Frucht;Fruit;DK Skikane;DK's Snowboard Cross;Wii
Frucht;Fruit;Yoshis Eiland;Yoshi's Island;Switch
Bumerang;Boomerang;Bangkok-Abendrot;Bangkok Rush;Tour
Bumerang;Boomerang;Marios Piste(DS);Mario Circuit(DS);DS
Bumerang;Boomerang;Waluigi-Arena;Waluigi Stadium;GCN
Bumerang;Boomerang;Überholspur Singapur;Singapore Speedway;Tour
Feder;Feather;Athen auf Abwegen;Athens Dash;Tour
Feder;Feather;Daisys Dampfer;Daisy Cruiser;GCN
Feder;Feather;Mondblickstraße;Noonview highway;Wii
Feder;Feather;Bad-Parcours;Squeaky Clean Sprint;Switch
Doppelkirschen;Cherry;Los-Angeles-Strandpartie;Los Angeles Laps;Tour
Doppelkirschen;Cherry;Sonnenuntergangs-Wüste;Sunset Wilds;GBA
Doppelkirschen;Cherry;Koopa-Kap;Koopa Cape;Wii
Doppelkirschen;Cherry;Vancouver-Wildpfad;Vancouver Velocity;Tour
Eichel;Acorn;Rom-Rambazamba;Rome Avanti;Tour
Eichel;Acorn;DK Bergland;DK Mountain;GCN
Eichel;Acorn;Daisys Piste;Daisy Circuit;Wii
Eichel;Acorn;Piranha-Pflanzen-Bucht;Piranah Plant Cove;Switch
Stachi;Spiny;Standrundfahrt Madrid;Madrid Drive;Tour
Stachi;Spiny;Rosalinas Eisplanet;Rosalina's Ice World;3DS
Stachi;Spiny;Bowsers Festung 3;Bowser Castle 3;SNES
Stachi;Spiny;Regenbogen-Boulevard(Wii);Rainbow Road(Wii);Wii
